Author,Text,Date,Score,Author_ID,Subreddit
MaxPower864,"While Im not a fan of NFTs, this search trend is similar to that of cryptocurrency and nobody is saying that that is falling off.",1647788164.0,1134,483yy827,CryptoCurrency
Juuljig,"How does a lower search count on the word NFT, correlate to an upcoming alt coin season. OP is grasping at straws with this one. Im assuming your bags are down 40% and this post helped you cope? Cant forget to mention the insane amounts of bs scam tokens, is that going to also pump this altcoun season?",1647786996.0,379,m8mevdw,CryptoCurrency
deathbyfish13,"
>Good news, everyone

Prof Farnsworth, is that you?",1647789392.0,29,173rmn,CryptoCurrency
Huth_S0lo,"Curious why this is good news.  Just because you dont like them, doesnt mean others dont.

What Im seeing is allot of cash grab projects disappearing, and the projects with a real plan and proper ethos getting ahead.",1647791213.0,22,4e5qd4lt,CryptoCurrency
MrRandyWatson_100,This is a terrible metric. Apecoin just restarted the NFT market again,1647790916.0,22,7xvz96z2,CryptoCurrency
LaBeloMall,"This actually pisses me off because people don't realize NFT users are also crypto users (duh?), but stupid posts like this that attempt to fraction that commonality.

Ive been in NFTs for 2 months now. Some of the brightest minds are in nfts (not necessarily all in on nfts but just open minded about it and adding to the dialogue). 

The very reasons why people were drawn to crypto vs tradfi, now people are making those same close minded mistakes on other parts of crypto like NFTs. It's sad because people are making assumptions without even dipping their toes in. Crypto natives should all be united in pushing this space forward but instead we get people fighting each other. Sad.",1647787980.0,54,fphsru4r,CryptoCurrency
mgtowalternate,This is one of the lowest IQ threads I've ever read on this subreddit,1647843890.0,6,,CryptoCurrency
valuedhigh,"Everything is going down now. And you know why less people searching at Google of NFT? Because more people know whats NFT is now. It cant go up forever.

NFT is big",1647787367.0,36,aw6m0r0u,CryptoCurrency
Advanced-Guard-4468,It hasn't even started yet. We haven't seen real world use for NFT items.,1647786562.0,24,9u34lfm7,CryptoCurrency
BigHairyDingo,People utilizing crypto to buy NFTs and people expanding the crypto economy is bad for crypto? are you dumb?,1647823946.0,4,4ydvqcep,CryptoCurrency
Original_Run8120,buy the dip?,1647784756.0,14,6phu1a9o,CryptoCurrency
TomOkihara,"Alright its hilarious that youre trashing NFTs and then calling for Altcoin season. Have fun holding your ADA lol

There was an explosion of interest in NFTs last summer (JPEG Summer) and its absolutely decreasing, youre not wrong. 

JPEG Summer was super fun and certainly put NFTs in the mainstream conversation. With a variety of things taking place, and with time just moving forward, interest has shifted toward other things. 

Whats unfortunate is that NFTs get the bad rep for how people use them. You could remove the technology entirely and the same people would be pulling the same scams in the same way. Its just packaged differently. 

Play 2 Earn is gaining a lot of momentum and is becoming a buzz phrase. Metaverses are gaining popularity and blockchain gaming is highly anticipated. NFTs arent going anywhere.

Edit: Wanted to update this morning because yesterday Charles claimed that ADA would soon perform on par with SOL lmaooo",1647789111.0,16,1ctxw9on,CryptoCurrency
Odysseus_Lannister,Good. Let the jpg/pet rock craze die and let better applications of NFTs come to the forefront.,1647786328.0,17,8daxq,CryptoCurrency
Boots0235,The NFT hate in here is comical ,1647791530.0,8,2i1ullu4,CryptoCurrency
Cow_Bell,I guess no one remembers December 2017,1647789828.0,3,b5srl,CryptoCurrency
Kaneki2019,Yall sound like the people who hate on cryptos lol. This sub is so biased,1647800260.0,3,ovnjyrk,CryptoCurrency
Ancient-Question-450,Most nfts are pyramid schemes anyway,1647784772.0,27,,CryptoCurrency
Sad_Ad_1943,So I should buy more APE??,1647787333.0,5,ajg3zetj,CryptoCurrency
Roberto9410,"The hyper will die, but afterwards the use cases for NFTs will follow",1647787434.0,4,37n7q4u6,CryptoCurrency
IndicatedinParis,"Such a sad take, only from someone who probably missed several life changing amounts lol hfsp",1647787685.0,5,xh2st,CryptoCurrency
kruthikv9,Victory is at hand,1647788183.0,2,49itl9c,CryptoCurrency
wavygreens,I thought this sub was off looking at google search volumes,1647788935.0,2,jlmp6qk,CryptoCurrency
DynamoDylan,Guess it's a NFT bear market now.,1647790155.0,2,eo87m,CryptoCurrency
xiaro1,No,1647790232.0,2,i42uvsc,CryptoCurrency
Ant0nnnn,It's pumped recently,1647790572.0,2,2cm2chzc,CryptoCurrency
Maleficent-Pain-8276,Luna one metaverse is a very exciting new project,1647791330.0,2,4hcdst0c,CryptoCurrency
Tommythecat88,Hopefully this means we're entering the period where stupid NFTs die off and real use NFTs start getting some coverage to the wider public.,1647797244.0,2,a2fpvore,CryptoCurrency
elithewalkingcripple,The most useless post of all time,1647799982.0,2,,CryptoCurrency
Alvarez_Fx,Sweet nows the time to get in,1647803346.0,2,5vbn0g9l,CryptoCurrency
zedaero,Why buy monekys when you can buy Banano,1647811799.0,2,idujf,CryptoCurrency
ClassicMain,"I think that utility NFTs will still have a steady demand.

I personally own 5 NFTs with huge utility behind them (superrarebears and deadbrothers, both on Elrond), which pay out regular farming earnings to holders.",1647819851.0,2,4joo5ck,CryptoCurrency
JaxTellerr,Why are you so butthurt about people making money with NFTs. Do your frigging research. You sound like a right click save type normie,1647824082.0,2,153xve,CryptoCurrency
FallenOne2334,All the scams it was bound to happen.,1647824665.0,2,gzigps3t,CryptoCurrency
MaleficentSurround97,"The NFT market is maturing. People are learning to recognize rug-pulls and bad actors and those projects are failing miserably. While it may look like the space itself is doing poorly it's actually GOOD news. The quality projects with strong utility and community (for many community IS the utility) are gaining traction and appreciating and the the bullsh** projects aren't even minting out. This HAD to happen in order for the space to move forward. The quality projects that are building have plenty of capital to weather almost any bear cycle imaginable and will come out of it with that much more of the market share.Like anything a little patience and discernment could lead to massive rewards. It's well known to everyone in the space that 99% of these projects will go to zero, but the ones that don't hold massive opportunity. imo of course",1647829573.0,2,2bs2sh8c,CryptoCurrency
TronskiBillups,"How is this good news?

like it or not, NFTs onboarded way more normies compared to any deFi or shitcoin",1647831408.0,2,mdujc,CryptoCurrency
trizest,"i think the value stratification will change. the ""blue chips"" increasing in value and becoming more unobtainable. 

The value of second-rate NFT's will go to zero.",1647831547.0,2,97e6dp6t,CryptoCurrency
GetMoneyMyrick,Imagine the mental gymnastics to be anti NFT but pro shitcoin,1647834051.0,2,ue7i9,CryptoCurrency
s3thm1chael,This is one of the dumbest posts Ive seen on this sub lmao. Good news everyone: I just made some shit up in my head.,1647834579.0,2,1i224vc,CryptoCurrency
purpledrank7855,"You're doing it wrong. 
Find your lane and own it. 
If it's not NFTs, why FUD people who are working to build just like the rest of us. 

If you're in crypto you probably like pushing boundaries, so why such small range?",1647835969.0,2,2hrh9h2a,CryptoCurrency
Ok_Board8029,"The good news is that everyone, at least for now, will be able to do the same thing",1647859447.0,2,h5gfjmju,CryptoCurrency
KronosTP,Oh man another post whos source is google trends and doesnt know what an NFT is,1647862513.0,2,2i18ti9s,CryptoCurrency
seanhales69,"NFTs are part of the overall crypto community, thats like saying you are happy a player on your team is injured. A win for NFTs is a win for crypto",1647863250.0,2,kib0m,CryptoCurrency
joaofigueiredo96,"Honestly this type of post is maybe the stupidest shit you can post and rookies will think it is true.
Google searches are not the only indicator you should look at. Check volume (also dropped a bit), new owners, increase in holding value, companies creating NFTs and launching colletions.

Be serious if you wanna bash on somethinf, that way you dont sound ridiculous to say the least",1647794802.0,6,46azio3u,CryptoCurrency
Jellars,"Or maybe people stopped Google searching ""nft"" because they now know what it is?",1647787168.0,3,38whx,CryptoCurrency
Zescapespj,This subreddit seems to be mostly FUD these days.,1647787747.0,4,ty3ye1t,CryptoCurrency
Lochtide17,NFTs on a bull run again lol. And the only reason ethereum is used is for NFTs,1647788139.0,3,,CryptoCurrency
LucasBixtch,Interest is going down sorry but I call for BS When you start having auction at Christies and other big Art Venture in Paris such as early this year and this month for NFTs you know thats just the start of it. It being more widely accepted than crypto,1647797186.0,4,4rmwcoy2,CryptoCurrency
DpremierX2,Anyone wanna buy a picture of an ape?,1647787826.0,3,b765xmek,CryptoCurrency
firelizard77,"'flipping for a bigger sucker to buy in'... 14 years of blockchain and people still think this way.
a picture of an ape isn't a criticism of blockchain. you can draw a dumb looking ape on a piece of paper, it doesn't make a very good criticism of paper",1647786844.0,2,1uyxkrj7,CryptoCurrency
siddharta0,It will plummit like the ico hype 2018/19.,1647784735.0,3,5istzra3,CryptoCurrency
Lillica_Golden_SHIB,"Probably it reflects the bearish sentiment around the market nowadays. Once the market gains traction again, so will interest",1647786492.0,2,fivqwx7a,CryptoCurrency
Parush9,Which is why Apecoin came around . Somehow them devs are trying to stay on top of the game .,1647787234.0,2,a0w6j8sj,CryptoCurrency
OG_LiLi,Gartners Hype Cycle playing out in real time. This is just the first wave collapsing. It will be back. https://decrypt.co/79572/gartner-hype-cycle-ranks-nfts-peak-inflated-expectations-amid-craze?amp=1,1647788381.0,2,4d2tmwm,CryptoCurrency
SwaggyCheese,The monkey jpeg that cost me .5 eth just gave me free $150k. And yet interest is dying. Enjoy buying bags of altcoins.,1647796202.0,2,1w3f27b3,CryptoCurrency
mixedfeelingz,The fact that this sub is against NFTs blows my mind.,1647807625.0,2,ey62v,CryptoCurrency
cutsickass,"Oh no, all those ""artists"" who bought their own NFTs for ridiculous prices just to spike up the price will be left with the exact same amount of money they already had! ",1647784870.0,0,62q1htuv,CryptoCurrency
Reasonable_Lie3383,"Oh this is interesting, thanks for doing the research!",1647785091.0,1,4ox2g4mn,CryptoCurrency
Hank___Scorpio,To the shock of no one who doesn't measure their IQ in potatoes.,1647787452.0,1,8y9zz,CryptoCurrency
fan_of_hakiksexydays,"Supply is overtaking demand? What a shocker.

Everyone and their dogs can make their own NFTs. 

I can drop a million new NFTs tomorrow. 

The creator of bored ape could make a million more of those if he wants. 

There's no limit on the supply of NFTs. 

It's like beanie babies, but anyone can make their own supply of beanie babies.",1647786528.0,1,7rjhg,CryptoCurrency
coachhunter,"Its a bit like crypto as a whole, currently a lot of financial value is driven by hype/ speculation, in time will move to value based on utility.

But ETH is not really suitable for utility NFTs as fees are too high. Later in the year native NFTs will go live on the XRP ledger, with minting and other transactions costing less than 0.01c.",1647787296.0,1,1hjxby03,CryptoCurrency
TheGreatest34567,GameFi NFTs > JPEG NFTs. Get in while it's still cheap and early. ,1647787865.0,1,,CryptoCurrency
TeddyBongwater,Alt coins are for suckers,1647790789.0,1,qkmlv,CryptoCurrency
Extreme_Event7617,"NFTs. are just money laundering as far as I can see. 
Need to pay your drug importer for those 10kg of Columbian cocaine? Easy get him to draw a monkey and sell it to you for $ 500k. 

He can then put it in a bank as he is now an NFT artist . 

Its the only thing that makes sense to me , either that or people have gone completely mad in the head !",1647840450.0,1,,CryptoCurrency
Sweetyams10,Probably after the ape coin fiasco and realizing they are worthless digital real estate,1647786647.0,0,4abchp5d,CryptoCurrency
isthatrhetorical,"Good news everyone!

This thing I hate because I don't understand is going down! Look at me!

>The altcoin season is approaching

LOL HOLY FUCK OP",1647788838.0,0,,CryptoCurrency
Lhadar31,It was bound to happen. Such things are not sustainable unless a real use case nft comes along,1647788902.0,0,fd177a9f,CryptoCurrency
kaze_san,It might go up again once GameStop finally opens its highly anticipated NFT marketplace until July and so there will be much better usecases and an easy to use way for more people. I think the technology really has potential - but we are still very early!,1647789239.0,0,igzs780,CryptoCurrency
Jxntb733,Its called a BUBBLE and what it pops soap goes everywhere,1647790113.0,0,,CryptoCurrency
c3p0u812,What? People are finally tired of buying dumb ass gifs that everybody else can use anyway? Weird. What will they buy next?,1647790206.0,0,,CryptoCurrency
mcbelisle,Waste of money,1647791088.0,0,f3s26,CryptoCurrency
NaughtIdubbbz,"Good theres too much shit out there, needs to pop. 

Apecoin??? Lmao so dumb",1647791386.0,0,3p0yllnx,CryptoCurrency
succesfulnobody,"Thank god, hope it will be over soon. Such bullshit.",1647796696.0,0,3agyi3d5,CryptoCurrency
aldine_jolson,Nfts are a literal waste tho,1647796973.0,0,3e5j4fp,CryptoCurrency
rozki,Now just let the crypto scam go away and we can lake enjoy life :),1647800115.0,0,,CryptoCurrency
chinesebrainslug,cant wait for LRC/IMX market,1647826181.0,0,,CryptoCurrency
SammyFortunato,"Actually,  from a real world perspective, I'd say interest is gaining momentum... maybe people stopped google searching for the term ""NFT"" because there is a greater understanding, and many of their 'crypto-savvy' acquaintances can explain to them ",1647839828.0,0,cp55ulkg,CryptoCurrency
TonLoc1281,I have news for you no one ever sold an NFT for $300k to anyone else or for any large sum of money for that matter,1647800178.0,-1,5hyiov4p,CryptoCurrency
L0nga,People still think of monkey pictures when NFTs are mentioned? I thought crypto sub would be better informed and less ignorant.,1647800626.0,-1,gdn9k,CryptoCurrency
michael1990utd,So whats the best gaming tokens to buy ,1647785193.0,1,3nukxb1s,CryptoCurrency
Successful_Craft3076,"We are not yet at the point of full panic. When that happens and mass sell outs starts many people gonna lose their money. Just hope it don't bring down the whole market 
Funny how people think every unique thing will have added value in few years.",1647786462.0,1,a1rc57m4,CryptoCurrency
Disavowed_Rogue,I really want tokens for skins that can be used across Aaa games,1647786994.0,1,y1v51,CryptoCurrency
eforslund518,Do you think interest will continue to drop if some one integrates NFTs into an actual business using them for a practical purpose other then collecting them.,1647787541.0,1,a0y2svrf,CryptoCurrency
softhackle,"Im glad, the garbage NFTs need to go. I love seeing how some (few) NFT games are starting to become more and more like real games though.",1647788610.0,1,16bq9h,CryptoCurrency
aphelio,"Google search trends could be a misleading metric, though. People just looking for a basic definition were surely huge contributors to those numbers. Now that those who were curious have at least a rudimentary understanding, I could see their searches becoming much more specific and perhaps omitting the term ""NFT"", or even just moving on to other sources of information.",1647788790.0,1,doohd0s,CryptoCurrency
Snox-,"Finally, inner peace.",1647788951.0,1,5hunsqxi,CryptoCurrency
imnotabotareyou,My interest remains the same: none.,1647789456.0,1,abc8w1lf,CryptoCurrency
Lampeyy,"In my opinion they will continue the downtrend until actual utility can be stored onto the NFT.

I know that there are protocols out there that will issue staking co tract as an NFT and the data and amount staked will be locked to the NFT. You can then sell the NFT with the coins attached which will not affect the sell pressure on charts.",1647790207.0,1,bycc0yld,CryptoCurrency
SpicedCabinet,I don't think this necessarily means less people are buying. The vast majority of people Googling NFTs weren't doing it with the intention to buy any nor could they anyway if they did have that intention.,1647790231.0,1,1k35ih0e,CryptoCurrency
Ooozy69,Irrational exuberance running its full course then,1647790439.0,1,7uzt86m1,CryptoCurrency
kirtash93,"Time to move ETH to my wallet. Gas are finally ""manageable""",1647790537.0,1,ax5ierpr,CryptoCurrency
infernalr00t,"Can't wait for people trying to put a price to an NFT in a bear market and two, discovering the real price. 

NFT are the new icos.",1647790559.0,1,3emkyovn,CryptoCurrency
3Quondam6extanT9,"I'm ok with this despite seeing utility in NFTs. I would prefer more use case is developed overall, that hype is less of an influence on people outside of the understanding of how Blockchain even works to begin with, and scams become less of a variable.

I think the hype train is actually beneficial in the short term as it offers slight traction to development, but on a longer timeline it becomes self-defeating.",1647790933.0,1,4tik8oxi,CryptoCurrency
rocko430,It's honestly similar to the crypto pump last year. Lot of investors came and did their thing before settling down.,1647790998.0,1,6me7j,CryptoCurrency
dwagner0402,"Exactly. Eventually they gonna run out of idiots who like stupid ass monkey drawings. 

I've heard that the resale value of those dumbass cyber ape nfts will..... Well..... It's not gonna be good in the coming years.",1647791087.0,1,57ved4ty,CryptoCurrency
jonnytitanx,"How is this good news? As garbage as most NFTs are, wouldn't more search traffic related to crypto be good for adoption?",1647791278.0,1,4d5ozj0n,CryptoCurrency
Grey___Goo_MH,"Never once cared about images for sale, but I suspect it will be used for other purposes eventually if not already having uses unseen to me i just personally dont care 

Tokenized real estate i consider a more sound foundational direction for crypto in the short term. 

Green projects financed and owned by crypto holders selling that power back to the grind i want a share in a longterm investment in changing the power market.

We should be making waves  with community driven defi changing the foundations of power and needed infrastructure and power projects. Not fucking gorilla and rock images",1647791748.0,1,,CryptoCurrency
Doctor_Bre,What you want to search is REAL sign of demand plummetingyou want to get gross and net sales on major NFT platform like OpenSea and his friends (tipically net sales = 2.5% of gross sales)that is somehow indicativeand you want to take the data considering that it is a function of single price of the NFT that got cut in half by Putin and Fed crash. If you see a decrease of less than common decrease in price of a single NfT guess what? We might be talking on a SURGE in demand. Who knows.,1647791807.0,1,aaajps9v,CryptoCurrency
smellslikefish6868,I wouldn't call that good news. Good news would have been adoption by Sony or Apple or something. A big branch in an up and coming industry dying/declining is not something to celebrate if you are in another branche of that industry.,1647791910.0,1,,CryptoCurrency
Professional_Desk933,Its kinda obvious during a bear market tbh. Even this sub has less activity recently,1647792079.0,1,bvm3hzw0,CryptoCurrency
barcode972,"You can't pull all NFTs over one edge. In the future, NFTs will not only be JPEGs. It will most likely be your drivers license, concert tickets and much more. It's just that we're so early",1647792143.0,1,33htg7r,CryptoCurrency
pdxmonkey,Look at floor price of anything Yuga Labs price is moving up not down.,1647792151.0,1,2emd5a5s,CryptoCurrency
happyotter1,Mine is still at zero,1647792188.0,1,6bt87k55,CryptoCurrency
GoOnNoMeatNoPudding,Whats the point of an NFT if nobody really cares about it outside of a handful of people? You cant do shit with it. Give NFTs actual value. Good luck with that though.,1647792572.0,1,xr1sc,CryptoCurrency
DagiUr,Yes because nft is monkey jpeg YET.,1647792710.0,1,esxic95f,CryptoCurrency
LegalImprovement286,"Paid 800$ for a jpeg, i dont understand why this dsinterest ",1647792906.0,1,,CryptoCurrency
Stunning_Afternoon40,"I have tried to understand the NFT craze.  
I have above 30 of them(all give aways)   But I dont fullly get the use.    

Yes I have read all about the reasons/use, but still maybe Im not tech savvy enough",1647792966.0,1,ajxwnrv9,CryptoCurrency
gruio1,"Why the fuck do you care what other people spend their money on ? 

It's decentralised. It's not up to you to decide what makes sense and what doesn't for others.",1647793202.0,1,525hkkpt,CryptoCurrency
Legitimate_Suit_3431,"Never bought into this and hope people who did made some money. Doesn't matter if i don't like how the nfts are constructed today, it still sucks to hear people loose a lot of money either way.

Think coin bureau did a video if i don't remember wrong , where majority of traffic is from whales anyway, so couldn't care much about them .",1647793440.0,1,7e36dc92,CryptoCurrency
noidontwantto,"I don't understand the bitterness towards NFTs, if you don't like them, just ignore them.  They're here to stay at this point, so get over it.",1647793548.0,1,6zwnt,CryptoCurrency
Mrramirez44,Of course! Just when I want to buy an NFT.,1647793593.0,1,3oxp068b,CryptoCurrency
Master_Tactician,"You could swap ""NFT"" with ""Crypto"" throughout the post and it would also be true.",1647793808.0,1,bf2ec,CryptoCurrency
ponyo_impact,Not a good thing. Not sure why you guys hate on NFT so much,1647794196.0,1,hznt77o3,CryptoCurrency
MisterBaked,"it's cyclical. Right now the general sentiment towards NFTs is negative, so the hype is down. Hopefully this means we'll see less cash grabs and scams moving forward",1647794458.0,1,3m7snm51,CryptoCurrency
Spardasa,"Never bought any NFTs. I rather hodl in eth and btc.

![gif](giphy|i9TNKykku4tVVsyVhh|downsized)",1647794960.0,1,yztrp,CryptoCurrency
Existing_Web_1300,NFT actually have good use cases. They just need to be apart of a strong community with a good cause. Majority arent but when you find good projects and communities its cool to see. All of crypto is in down so its not surprising to see NFTs go down as well.,1647795055.0,1,a4jlvuym,CryptoCurrency
moc223,I have no NFTs but plan on entering or beginning that journey with Genius Yield on Cardano blockchain.,1647795163.0,1,a1bxk1mp,CryptoCurrency
FreshEZ,This sub is so stupid but this post is that rare kind of special stupid.,1647795352.0,1,wzrtj,CryptoCurrency
swhalen585,This just means more people know what nfts are,1647795439.0,1,4rr23b7c,CryptoCurrency
OpinionatedByFacts,Its cuz there arent many good projects at the moment. Its far from over though,1647795775.0,1,ed5dav95,CryptoCurrency
Yamilon,Thank goodness,1647795853.0,1,dy56p,CryptoCurrency
Fangro,"Could majority of the searches be ""what the hell is NFT?""? If so, that is a pretty logical decline of those and does not show a decline in overall interest",1647795888.0,1,borfm,CryptoCurrency
PsychologicalSpace50,I think interest will go up once a certain gaming company opens their NFT marketplace.,1647795987.0,1,98yl38ub,CryptoCurrency
JeebusBuiltMyHotRod,NFTs have only just begun.,1647795988.0,1,,CryptoCurrency
turboprav,This is in line with the interest in cryptocurrencies as well. Both have fallen in terms of public interest.,1647796123.0,1,1106mo,CryptoCurrency
samcrut,"I could understand NFT for like software licensing, subscriptions, and event ticketing, but the whole jpeg thing is just beyond stupid and proof that some people just have too much cash on hand to throw thousands of dollars at what's obviously a joke that got out of hand.",1647796316.0,1,35dgg,CryptoCurrency
equivas,"Do it like the dogecoin cult, the more it goes down the more they buy",1647796544.0,1,ghnvr1,CryptoCurrency
optionseller,The mating season is coming. Fuck your altcoin,1647796869.0,1,2qivz3c1,CryptoCurrency
OgSultantv,"I do think we as a community should not call it just NFTs. We should define it by saying its NFT 'pictures/images' because its learning the wrong thing to other ppl.
When talk about crytpo and you bring up NFTs to educate, you get anwsers like 'aaa does pictures' while thats just a small part of NFT and i am guessing it will only slow down ppl wanting to join in on the crypto world.",1647796920.0,1,3tr3r610,CryptoCurrency
rambumriott,wait till they figure out nfts can house applications,1647797369.0,1,90zvhi31,CryptoCurrency
Dig_Bick_reread,Finally nfts can be utilized with their full potential not just .jpegs,1647797957.0,1,,CryptoCurrency
eryc333,"NFTs are art. But they are so much more than that. If price is your only concern but you are interested, Ill happily send you some of mine for free. They have been listed in several digital galleries and Im proud of them. 
But dont dismiss the fact that their value goes beyond simple jpegs. To do so is intentionally misleading. 
I see a future where legal documents are forever bound digitally on blockchain.",1647798750.0,1,,CryptoCurrency
lofi-loki,"Ahh another day, another post bashing NFTs in the cryptocurrency sub. Definitely nothing sus going here. Good times.",1647798758.0,1,5r91nwh5,CryptoCurrency
BenniBoom707,"Thats just the first Wave. When Gaming, Movie and Music NFT really start to release you will see an entirely new customer base buying them. I have never bought an NFT, but I am waiting for legit NFT games to start dropping and I plan on investing a lot into them.",1647798920.0,1,a3owa0pg,CryptoCurrency
TonyGabaghoul,Most gaming tokens are tied to the value of gaming NFTs..,1647799053.0,1,9ubs2x3n,CryptoCurrency
yndkings,"It will tank crypto and the alt coins. Should not make much difference to sound money and btc, but there might be a price dip to clear out weak hands.",1647799056.0,1,4echw4ns,CryptoCurrency
Brandonlord,"""The altcoin season is approaching"". Okay buddy.",1647799294.0,1,eq1bb,CryptoCurrency
Beagleoverlord33,Yeah this is a good thing,1647799520.0,1,wda2w,CryptoCurrency
dragonstyle2001,The NFT market is becoming over saturated.,1647799734.0,1,3oe3s3d1,CryptoCurrency
isitdonethen,The $300k monkeys have actually never been doing better and the bored ape ecosystem is becoming even more dominant in NFTs ,1647799741.0,1,a1p1z84,CryptoCurrency
plantbaseddude,Is that you Ken Griffen lol,1647800251.0,1,2h2f1eos,CryptoCurrency
itsA73,"NFTs with no utilities will die first then the ones with weak utility or fake dreams and the real ones will survive and have hard times, I'm happy I've never bought an NFT yet, only NFTs I paid for were free and I paid gas fee to mint TravelerLoot NFTs by Tripscommunity and yet they give me discounts on many things just because I'm an HODLer of it. DYOR if you're interested in it. Also even hotel owners and apartments renters can offer discounts or special offers for HODLers.",1647800482.0,1,8uiv9wfp,CryptoCurrency
HeinousHaggis,So ape JPEG go down but ape crypto go up?,1647800539.0,1,70p4j6dl,CryptoCurrency
a5wagyuu,"Whats hilarious is that you say gaming tokens are going to surge without realizing that $APE coin is literally going to power play-to-earn games 

Teaser: https://twitter.com/yugalabs/status/1505014986556551172?s=21",1647800899.0,1,7478zcys,CryptoCurrency
giuzeppe00,"I strongly disagree. NFTs were super popular at the end of last year, and yes they dipped a little this year. But im still bullish on NFTs and everyone who is in the space is too. There are so many use cases for it, and so many companies are buying into it.",1647800955.0,1,gabv645f,CryptoCurrency
Premier_Legacy,Cuz its dumb as fuck and always has been,1647801115.0,1,23a1wmyc,CryptoCurrency
SuperNova0_0,Only value they have is to give me mining profits from gas fees,1647801141.0,1,,CryptoCurrency
Grunchie,I bet interest in crypto has plummeted too if you look at the same time frame.,1647801265.0,1,,CryptoCurrency
JuneRunner11,NFTs are a gimmick and gimmicks can only last so long,1647801798.0,1,6li6o,CryptoCurrency
Hellaguaptor,Great. Now the real value-added NFT solutions can be created and developers arent busy helping someone sell overpriced meme art?,1647801837.0,1,ha14c,CryptoCurrency
joemetarei,How is this good news,1647801947.0,1,gc7y3u0w,CryptoCurrency
TradeBitter,"Someone who clearly has no knowledge of the nft space. 

Dyor",1647801969.0,1,87abrupp,CryptoCurrency
Andragast777,People hating on NFTs are cringe and in most cases don't know what NFTs are in fact about,1647802060.0,1,7cvh3pqk,CryptoCurrency
Adept-Guide-8327,"I bought in, January 15th. Youre welcome!",1647802084.0,1,a2wtwaz9,CryptoCurrency
iamjide91,I don't think so at all.,1647802112.0,1,15orh9,CryptoCurrency
NSUCK13,Why is this good news? Are we at the point in the cycle where everyone wants everyone else to lose?,1647802557.0,1,2abqr2n9,CryptoCurrency
methreweway,"Can you cross reference actual NFT's purchases, price and volume? Straight Google search may not be accurate since it's still a bit niche.",1647802643.0,1,rj1zl,CryptoCurrency
josh824956,Lmao poor guy OP this post is sad,1647802705.0,1,8bacw,CryptoCurrency
icantsleep714,Remember the rock NFT? and Im not talking about Dwayne Johnson. Cant believe some idiot bought that from my cousin.,1647802747.0,1,833s87nk,CryptoCurrency
Constant-Signal-2058,Feel like I've watched the interest fall off a cliff for the normal person who doesn't sit on a computer 14 hours a day.,1647802967.0,1,a0wn7ejo,CryptoCurrency
Dekzo,you know everyone who owned any bored ape or family project got hundreds of thousands of dollars for free last week right,1647803113.0,1,l0p4h62,CryptoCurrency
rj8899,"The only thing I could see NFT purpose for in the material world is using them to sign company documents such as financial reports. Even then youd need a scanner software that proves the NFT owner published the image from an original, verified source . That technology isnt really integrated into its uses yet and QR codes currently are more practical even though they offer less security",1647803235.0,1,20mf9xf0,CryptoCurrency
anthonyh614,"Because less people googled NFT 





Maybe people just learned what NFTs are and didnt need to google them anymore?",1647803451.0,1,,CryptoCurrency
Masta0nion,Unreal that some people still only see NFTs as a speculative asset on a crypto sub. How many times have you tried to explain to someone the deeper benefits of crypto?,1647803551.0,1,13h3tl,CryptoCurrency
Musiquillahst,This nft fud is getting out of control. You could used the time to make this shitty post to educate yourself.,1647804134.0,1,4dcgxukz,CryptoCurrency
alexm901,The NFT FUD is real,1647804465.0,1,ltecl,CryptoCurrency
EppingMarky,So where will the illegal funds flow now?!,1647804552.0,1,6it9h,CryptoCurrency
sweaty-pajamas,"Honestly, Im perfectly okay with gaming tokens. But I will never understand why NFTs ever became a thing.",1647804776.0,1,rv4ch,CryptoCurrency
quesi_job,Rooting for Aurory project. Can't wait for their game launch,1647805145.0,1,1il64d3z,CryptoCurrency
BHKbull,"Im getting pretty tired of people hating on NFT technology and rejoicing the idea that it will die off. Sure, fuck the million dollar monkey jpegs. But NFT tech beyond just that trope is fucking amazing and is a hugely promising and key part of the future of crypto and of web3. In my opinion, the flood of NFT hate that weve been seeing lately almost definitely originates from big companies that are threatened by NFT tech and pump out FUD for people like you to latch onto and spread more baseless vitriolic bullshit.",1647805253.0,1,9z2c4wi8,CryptoCurrency
Eggmud11,"This was sourced from Google Trends. This is not indicative of the general interest in NFTs, only the search volume for the keyword NFT. 

People who know what NFTs are generally wont search the keyword NFT by itself because the search intent behind that keyword is informational and broad - people are looking for a definition or a general overview of the concept. 

If there was a decline in the overall volume of NFT *related* searches, then maybe theres a case to be made that NFT interest is rapidly dwindling.

There are alternative hypotheses that could be made with this data, like that the general public has become more educated in NFTs.",1647805330.0,1,6bv188rn,CryptoCurrency
AMPed101,"Altcoin season...
OP, I...",1647805577.0,1,zrl9d,CryptoCurrency
TabletopThirteen,This same post I think like exactly the same post was posted a few days ago. Then when things were green there were posts about NFTs going up 17%. Moon farmers will moon farm I guess,1647805670.0,1,3narxzdg,CryptoCurrency
mr_jago,No more monkey nfts bring in the dog shit coins,1647805737.0,1,4yx3syy9,CryptoCurrency
Catfreshent,"Um... nfts are actually gaining traction.

People are seeing how convenient the technology behind them is. I could see air lines using nfts for plane tickets. Or dmv using nfts for licenses/passports. Sports event tickets, etc...

I don't get why many crypto people are against nfts? I would bet these same people were against crypto before the 2017 run.

Nfts on board many people into crypto. Team work makes the dream work.",1647805907.0,1,m2zsw1i,CryptoCurrency
Dull-Fun,How do you deduce from such graph that altoin season (which in itself is a very stupid concept) is coming? Are we just randomly shitposting?,1647805988.0,1,4jfib3pt,CryptoCurrency
willmlina51,It's amazing how people are so biased hahaha and cherry pick info.,1647806390.0,1,171amx,CryptoCurrency
tmurg375,"NFTs arent going down, its just articles being posted about it make it seem like this is the sentiment. Smear campaigns to keep the power from creators. Unpopular opinion in here Im sure, most of you know Im right.",1647807114.0,1,bo3rq,CryptoCurrency
ThatDJgirl,Got doooped one to many times. And gas fees can suck it. Ill wait until everything stabilizes.,1647807136.0,1,hgwz2,CryptoCurrency
Mobile-Decision639,NFTs: a bunch of sharks looking for a bunch of suckers,1647807351.0,1,,CryptoCurrency
Loquith,"Because of the stupid news around the topic, all focus on NFTs pfp projects and not on the value and utility of NFTs.",1647807942.0,1,buuh383c,CryptoCurrency
skyhh,Solana NFTs are certainly not dying,1647808012.0,1,j74qg,CryptoCurrency
swendwend,I read this in prof farnsworths voice,1647808332.0,1,b7il5s0y,CryptoCurrency
nothingnotnever,"I keep forgetting why /r/cryptocurrency is anti-NFT. Oh well, Im sure it will come back to me.",1647808416.0,1,9g2ci96t,CryptoCurrency
babudo,Good news!! Search for Cryptocurrency has plummeted as well!,1647808653.0,1,7d45n1we,CryptoCurrency
kapedu,what new projects do you follow?,1647809176.0,1,683nv,CryptoCurrency
althemighty,The NFT space is becoming more like other collectables. The products with a good brand and demand will survive but all the random shit will die. Nothing different to physical tcg that just did this.,1647809374.0,1,xc9wq,CryptoCurrency
braddavery,Who'd have thought.,1647809441.0,1,4miaa,CryptoCurrency
Nature_-1,"This stat looks like it only affects jpegs. 
Deip allowing creators tokenize intangibles like intellectual properties in the form of fractionalized NFTs is super cool
And will eventually rise in value",1647809601.0,1,,CryptoCurrency
pbjtech,NFT's are the Spacs of crypto,1647809620.0,1,avg5o,CryptoCurrency
Stormtrooper0117,Can someone please take my NFTs from me):,1647810047.0,1,259z6dn5,CryptoCurrency
OffenseTaker,"It was to be expected, NFTs used in this way are functionally useless. When they're used as proof of membership, or proof of ownership of a real world physical thing, or something like that, THEN they'll be worth something.",1647810050.0,1,2c45zs8o,CryptoCurrency
eleven_Plus_TwO,"Anyone who is interested in NFTs has already googled the term and is aware of what they are. Only way to get more google searches is to bring in a new crowd, which won't happen until hype comes along which won't happen until bull market starts again.",1647810250.0,1,yacssi,CryptoCurrency
rorood123,Crypto kitties will come back some day too right? .... Right?,1647810558.0,1,b7xfsc,CryptoCurrency
Satadaes,"reach mountainous unite chubby steep cautious historical longing steer dinosaurs

 *This post was mass deleted and anonymized with [Redact](https://redact.dev)*",1647810659.0,1,bo9gqdt,CryptoCurrency
SpaceGrape,"No, useless NFTs are dying.  But they have useful contract-like abilities and now the use-case NFT is emerging. Boson Protocol is hosting Metaverse Fashion Week (MVFW) this week in Decentraland and the digital to physical sales are through NFTs.",1647810764.0,1,4byf6,CryptoCurrency
shadespellar,This means litteraly nothing,1647811178.0,1,,CryptoCurrency
StickyNoodle69,NFTs hurt the run up  in 2021 ,1647811284.0,1,,CryptoCurrency
Extra-Description231,Good post. Crypto is down but nfts are downer? Lol,1647811572.0,1,,CryptoCurrency
PinguForever27,Time will tell,1647811618.0,1,39nqtuy2,CryptoCurrency
neonfixer,Garyvee gonna have something to say about that lol,1647811772.0,1,13d5lf,CryptoCurrency
BMX-STEROIDZ,So buy the dip?,1647811915.0,1,,CryptoCurrency
rybfish,"I disagree I know many artists who are still doing well selling nfts. Why does it have to be either or? All of this is new to alot of people, it takes time for all of these markets.",1647811965.0,1,313r1o1g,CryptoCurrency
AffectionateLand69,"Hm.. I still earn 1-2Eth every month in NFTs. Yes, it has slowed a bit, but still very much relevant",1647812238.0,1,azjxzahp,CryptoCurrency
ARMA-ON,NFTs will pump again very soon,1647812388.0,1,ducc0lgr,CryptoCurrency
ARMA-ON,NFTs will pump again very soon,1647812394.0,1,ducc0lgr,CryptoCurrency
After-Violinist-7485,idk. i think they are fun to collect.,1647812651.0,1,8fawmcuz,CryptoCurrency
CaptainKopeikin,I hope your shitcoins eat shit,1647813037.0,1,,CryptoCurrency
tek3k,I just found out today that NFTs are much more than JPEG monkeys. NFT is a technology that is going to pervade every aspect of human commerce. Now I understand why such huge companies are making early entry investments into the space. The hype will die but over time the functionality and use cases are going to explode. I imagine that people who recognize this and make smart non-monkey investments will be filthy rich in 5 years.,1647813042.0,1,fl97kk4f,CryptoCurrency
CaptainKopeikin,I hope your shitcoins eat shit,1647813045.0,1,,CryptoCurrency
Oarlikwosten,"I would like to see nfts be more about games being less hackable and less about money, crypto and blockchain and deffinitly here to stay and so are nfts be plz let us use em for good!",1647813074.0,1,,CryptoCurrency
Huge-Grapefruit-8011,"sure, intrest has died, but the uses for them besides .jpeg is outstanding",1647813153.0,1,72x1evk9,CryptoCurrency
skinisblackmetallic,Im not seeing any reasons why alt coins will surge whatsoever.,1647813311.0,1,d6a1d,CryptoCurrency
Reasonable_Judge9601,What a surprise. NFTs have been the worst thing to come into the space.,1647814005.0,1,7dzrgqch,CryptoCurrency
